作業/判定,タイムスタンプ,読Qネーム,年齢,都道府県,市町村,読Q本ID,検出書籍名,著者,ジャンルから,検索方法,アクション
書籍名から,2021-02-12 09:45:53,shota04572,7,神奈川県,座間市,dq56,僕たちの戦争,荻原 浩,,僕たちの戦争,受検する,
書籍名から,2021-02-12 10:00:10,taiyo06312,7,神奈川県,南足柄市,dq56,僕たちの戦争,荻原 浩,,僕たちの戦争,受検する,
書籍名から,2021-02-12 10:18:16,taiyo06312,7,神奈川県,南足柄市,dq56,僕たちの戦争,荻原 浩,,僕たちの戦争,受検する,
ISBNから,2021-02-12 13:26:02,非会員,,,,dq50,トロッコ,芥川 龍之介,,,詳細を見る,
書籍名から,2021-02-12 18:13:33,taiyo06312,7,神奈川県,南足柄市,dq56,僕たちの戦争,荻原 浩,,僕たちの戦争,受検する,
ISBNから,2021-02-12 20:11:37,非会員,,,,dq57,サンプル物語,姫野 桃花,,,詳細を見る,
ISBNから,2021-02-12 20:15:22,非会員,,,,dq54,思考の整理学,外山 滋比古,,,詳細を見る,
ISBNから,2021-02-12 20:15:23,非会員,,,,dq43,明日の記憶,荻原 浩,,,詳細を見る,
ISBNから,2021-02-12 20:15:24,非会員,,,,dq55,読書力,齋藤 孝,,,詳細を見る,
ISBNから,2021-02-12 20:15:29,非会員,,,,dq56,僕たちの戦争,荻原 浩,,,詳細を見る,
ISBNから,2021-02-12 20:15:31,非会員,,,,dq29,最後の一枚の葉,ヘンリー オー,,,詳細を見る,
ISBNから,2021-02-12 20:15:32,非会員,,,,dq57,サンプル物語,姫野 桃花,,,詳細を見る,
ISBNから,2021-02-12 20:15:32,非会員,,,,dq50,トロッコ,芥川 龍之介,,,詳細を見る,
ISBNから,2021-02-12 20:15:38,非会員,,,,dq59,野ばら,小川 未明,,,詳細を見る,
ISBNから,2021-02-12 20:16:18,非会員,,,,dq46,大どろぼうホッツェンプロッツ,プロイスラー オトフリート,,,詳細を見る,
ISBNから,2021-02-12 20:29:41,非会員,,,,dq55,読書力,齋藤 孝,,,詳細を見る,
ISBNから,2021-02-12 20:31:31,非会員,,,,dq56,僕たちの戦争,荻原 浩,,,詳細を見る,
ISBNから,2021-02-12 20:37:56,非会員,,,,dq57,サンプル物語,姫野 桃花,,,詳細を見る,
ISBNから,2021-02-12 20:38:49,非会員,,,,dq59,野ばら,小川 未明,,,詳細を見る,
ISBNから,2021-02-13 13:10:22,非会員,,,,dq56,僕たちの戦争,荻原 浩,,,詳細を見る,
ISBNから,2021-02-14 01:00:10,非会員,,,,dq56,僕たちの戦争,荻原 浩,,,詳細を見る,
ISBNから,2021-02-14 01:00:40,非会員,,,,dq55,読書力,齋藤 孝,,,詳細を見る,
ISBNから,2021-02-14 01:00:40,非会員,,,,dq43,明日の記憶,荻原 浩,,,詳細を見る,
ISBNから,2021-02-14 01:00:40,非会員,,,,dq54,思考の整理学,外山 滋比古,,,詳細を見る,
書籍名から,2021-02-14 18:03:49,maria05841,7,神奈川県,南足柄市,dq56,僕たちの戦争,荻原 浩,,僕たちの戦争,受検する,
ISBNから,2021-02-16 15:34:45,非会員,,,,dq50,トロッコ,芥川 龍之介,,,詳細を見る,
ISBNから,2021-02-16 22:39:10,yukari88001k,58,神奈川県,藤沢市,dq59,野ばら,小川 未明,,,詳細を見る,
ISBNから,2021-02-16 22:46:05,yukari05831k,58,神奈川県,藤沢市,dq59,野ばら,小川 未明,,,詳細を見る,
ISBNから,2021-02-16 22:48:31,yukari05831k,58,神奈川県,藤沢市,dq59,野ばら,小川 未明,,,詳細を見る,
ISBNから,2021-02-17 00:17:20,非会員,,,,dq43,明日の記憶,荻原 浩,,,詳細を見る,
ISBNから,2021-02-17 05:53:12,非会員,,,,dq43,明日の記憶,荻原 浩,,,詳細を見る,
ISBNから,2021-02-17 07:22:46,非会員,,,,dq29,最後の一枚の葉,ヘンリー オー,,,詳細を見る,
